Artist,Album,Track,TrackNumber_On_Album,Duration_ms,ReleaseYear,Valence,Energy,Danceability,Acousticness,Instrumentalness,Speechiness,Liveness,Tempo,Key,Mode,TimeSignature,Lyrics,Total_Words,Sad_Words,Pct_Sad_Words,Lyrical_Density
Radiohead,Pablo Honey,You,1,208666,1993,0.298,0.707,0.222,0.000945,0.00684,0.0578,0.109,112.663,9,1,3,you are the sun and moon and stars are you and i could never run away from you   you try at working out chaotic things and why should i believe myself not you its like the world is gonna end so soon and why should i believe myself my   you me and everything caught in the fire i can see me drowning caught in the fire you me and everything caught in the fire i can see me drowning caught in the fire,33.0,0.0,0.0,0.15814747011971286
Radiohead,Pablo Honey,Creep,2,238640,1993,0.104,0.43,0.515,0.0097,0.000133,0.0372,0.129,91.844,7,1,4,when you were here before couldnt look you in the eye youre just like an angel your skin makes me cry you float like a feather in a beautiful world  i wish i was special youre so fuckin special  but im a creep im a weirdo what the hell am i doing here i dont belong here  i dont care if it hurts i wanna have control i want a perfect body i want a perfect soul i want you to notice when im not around  youre so fuckin special i wish i was special  but im a creep im a weirdo what the hell am i doing here i dont belong here oh oh  shes running out the door shes running out she run run run run run  whatever makes you happy whatever you want youre so fuckin special i wish i was special but im a creep im a weirdo what the hell am i doing here i dont belong here i dont belong here,85.0,5.0,0.058823529411764705,0.3561850486087831
Radiohead,Pablo Honey,How Do You?,3,132173,1993,0.238,0.964,0.185,0.000659,0.879,0.084,0.107,147.351,9,1,4,hes bitter and twisted he knows what he wants he wants to be loved and he wants to belong he wants us to listen he wants us to weep and he was a stupid baby who turned into a powerful freak  but how do you how do you how do you  he lives with his mother but we show him respect hes a dangerous bigot but we always forget and hes just like his daddy cause he cheats on his friends and he steals and he bullies anyway that he can  but how do you how do you how do you,38.0,2.0,0.05263157894736842,0.28750198603345617
Radiohead,Pablo Honey,Stop Whispering,4,325626,1993,0.298,0.696,0.212,0.000849,0.0165,0.0472,0.129,122.35,2,1,4,and the wise man said i dont want to hear your voice and the thin man said i dont want to hear your voice and theyre cursing me and they wont let me be and theres nothing to say and theres nothing to do  stop whispering start shouting stop whispering start shouting  and the mother say we spit on your son some more and the buildings say we spit on your face some more and the feeling is that theres something wrong cause i cant find the words and i cant find the songs  stop whispering start shouting stop whispering start shouting  dear sir i have a complaint dear sir i have a complaint cant remember what it is it doesnt matter anyway it doesnt matter anyway  stop whispering stop whispering stop whispering stop whispering stop stop,82.0,2.0,0.024390243902439025,0.2518226431550306
Radiohead,Pablo Honey,Thinking About You,5,161533,1993,0.42,0.37,0.365,0.705,7.71e-06,0.0331,0.0883,103.442,7,1,4,been thinking about you your records are here your eyes are on my wall your teeth are over there but im still no one and youre now a star what do you care  been thinking about you and theres no rest shit i still love you still see you in bed but im playing with myself and what do you care when the other men are far far better  all the things youve got all the things you need who bought you cigarettes who bribed the company to come and see you honey  ive been thinking about you so how can you sleep these people arent your friends theyre paid to kiss your feet they dont know what i know and why should you care when im not there   been thinking about you and theres no rest shit i still love you still see you in bed but im playing with myself and what do you care when im not there  all the things youve got that youll never need all the things youve got ive bled and i bleed to please you  been thinking about you,81.0,0.0,0.0,0.5014455250629902
Radiohead,Pablo Honey,Anyone Can Play Guitar,6,217800,1993,0.555,0.812,0.293,0.000101,0.000756,0.0546,0.332,150.743,4,0,4,destiny destiny protect me from the world destiny hold my hand protect me from the world  here we are with our running and confusion and i dont see no confusion anywhere  and if the world does turn and if london burns ill be standing on the beach with my guitar i wanna be in a band when i get to heaven anyone can play guitar and they wont be a nothing anymore  grow my hair grow my hair i am jim morrison grow my hair i wanna be wanna be wanna be jim morrison  here we are with our running and confusion and i dont see no confusion anywhere  and if the world does turn and if london burns ill be standing on the beach with my guitar i wanna be in a band when i get to heaven anyone can play guitar and they wont be a nothing anymore,75.0,7.0,0.09333333333333334,0.34435261707988984
Radiohead,Pablo Honey,Ripcord,7,189733,1993,0.256,0.906,0.255,1.98e-05,0.358,0.0548,0.322,137.951,2,1,4,soul destroyed with clever toys for little boys its inevitable inevitable its a soul destroyed  youre free until you drop youre free until youve had enough but you dont understand youve no ripcord no ripcord no ripcord no ripcord  aeroplane do i mean what i mean its inevitable inevitable oh aeroplane  a thousand miles an hour and politics in power that you dont understand youve no ripcord no ripcord no ripcord no ripcord the answer to your prayers well drop you anywhere with no ripcord no ripcord no ripcord no ripcord,52.0,2.0,0.038461538461538464,0.2740693500867008
Radiohead,Pablo Honey,Vegetable,8,192666,1993,0.419,0.717,0.382,0.00281,0.569,0.0339,0.187,105.82,6,1,4,i never wanted anything but this i worked hard tried hard i ran around in domestic bliss i fought hard died long  every time youre running out of here every time youre running i get the fear  i never wanted any broken bones scarred face no home your words surround me and asphyxiate and i burn all hate  every time youre running out on me every time youre running i can see  im not a vegetable i will not control myself i spit on the hand that feeds me i will not control myself  the waters spray the waters run all over me the waters spray the waters run and this time youre gonna pay  im not a vegetable i will not control myself i spit on the hand that feeds me i will not control myself,73.0,2.0,0.0273972602739726,0.3788940446160713
Radiohead,Pablo Honey,Prove Yourself,9,145373,1993,0.319,0.62,0.25,0.000849,0.0848,0.0611,0.175,114.097,0,1,4,i cant afford to breathe in this time nowhere to sit without a gun in my hand hooked back up to the cathode ray  im better off dead im better off dead im better off  prove yourself prove yourself prove yourself  i wanna breathe i wanna grow id say i want it but i dont know how i work i bleed i beg and pray  but im better off dead im better off dead im better off  prove yourself prove yourself prove yourself  im better off dead im better off dead im better off  prove yourself prove yourself prove yourself prove yourself why prove yourself prove yourself prove yourself,65.0,3.0,0.046153846153846156,0.44712566982864765
Radiohead,Pablo Honey,I Can't,10,253093,1993,0.273,0.825,0.27,0.00985,0.308,0.0607,0.118,106.147,7,1,4,please forget the words that i just blurted out it wasnt me it was my strange and creeping doubt it keeps rattling my cage and theres nothing in this world will keep it down  even though i might even though i try i cant even though i might even though i try i cant  so many things that keep that keep me underground so many words that i that i can never find  if you give up on me now ill be gutted like ive never been before  even though i might even though i try i cant even though i might even though i try i cant  if you give up on me now ill be gutted like ive never been before  even though i might even though i try i cant even though i might even though i try i cant even though i might even though i try i cant even though i might even though i try i cant,92.0,4.0,0.043478260869565216,0.3635027440506059
Radiohead,Pablo Honey,Lurgee,11,187866,1993,0.409,0.548,0.42,0.000135,0.399,0.0268,0.111,101.888,0,1,4,i feel better i feel better now youve gone i got better i got better i got strong i feel better i feel better now theres nothing wrong i got better i got better i got strong  tell me something tell me something i dont know tell me one thing tell me one thing and let it go i got something i got something heaven knows i got something i got something i dont know,51.0,0.0,0.0,0.2714700903835713
Radiohead,Pablo Honey,Blow Out,12,282066,1993,0.275,0.719,0.271,0.000469,0.386,0.0553,0.24,141.537,11,0,4,in my mind and nailed into my heels all the time killing what i feel  and everything i touch all wrapped up in cotton wool all wrapped up in sugarcoated pills turns to stone and everything i touch all wrapped up in cotton wool all wrapped up in sugarcoated pills turns to stone  i am fused just in case i blow out i am glued just in case i crack out  and everything i touch turns to stone everything i touch all wrapped up in cotton wool all wrapped up and sugarcoated turns to stone ,45.0,3.0,0.06666666666666667,0.1595371296079641
Radiohead,The Bends,Planet Telex,1,259200,1995,0.258,0.881,0.429,0.0213,0.688,0.107,0.607,148.963,9,0,3,you can force it but it will not come you can taste it but it will not form you can crush it but its always here you can crush it but its always near chasing you home saying  everything is broken everyone is broken  you can force it but it will stay stone you can crush it as dry as a bone you can walk it home straight from school you can kiss it you can break all the rules all of the rules but still  everything is broken everyone is broken everyone is everyone is broken everyone is everything is broken  why cant you forget why cant you forget why cant you forget,47.0,6.0,0.1276595744680851,0.18132716049382716
Radiohead,The Bends,The Bends,2,246200,1995,0.312,0.755,0.23,0.0115,0.141,0.0658,0.363,91.608,7,1,4,where do we go from here the words are coming out all weird where are you now when i need you alone on an aeroplane falling asleep against the windowpane my bloodll thicken  i need to wash myself again to hide all the dirt and pain cause id be scared that theres nothing underneath and who are my real friends have they all got the bends am i really sinking this low  my babys got the bends oh no we dont have any real friends no no no  just lying in a bar with my drip feed on talking to my girlfriend waiting for something to happen i wish it was the 60s i wish we could be happy i wish i wish i wish that something would happen  where do we go from here the planet is a gunboat in a sea of fear and where are you they brought in the cia the tanks and the whole marines to blow me away to blow me sky high  my babys got the bends we dont have any real friends  just lying in a bar with my drip feed on talking to my girlfriend waiting for something to happen i wish it was the 60s i wish we could be happy i wish i wish i wish that something would  i wanna live breathe i wanna be a part of the human race i wanna live breathe i wanna be a part of the human race race race race  where do we go from here the words are coming out all weird where are you now when i need you,123.0,6.0,0.04878048780487805,0.49959382615759546
Radiohead,The Bends,High and Dry,3,257480,1995,0.35,0.383,0.419,0.0724,0.0176,0.0256,0.0896,87.568,4,1,4,two jumps in a week i bet you think thats pretty clever dont you boy flying on your motorcycle watching all the ground beneath you drop youd kill yourself for recognition kill yourself to never ever stop you broke another mirror youre turning into something you are not  dont leave me high dont leave me dry dont leave me high dont leave me dry  drying up in conversation you will be the one who cannot talk all your insides fall to pieces you just sit there wishing you could still make love theyre the ones wholl hate you when you think youve got the world all sussed out theyre the ones wholl spit at you you will be the one screaming out  dont leave me high dont leave me dry dont leave me high dont leave me dry   oh its the best thing that youve ever had the best thing that youve ever ever had its the best thing that youve ever had the best thing youve had has gone away  so dont leave me high dont leave me dry dont leave me high dont leave me dry dont leave me high dont leave me high dont leave me dry,121.0,20.0,0.1652892561983471,0.46993941276992385
Radiohead,The Bends,Fake Plastic Trees,4,290706,1995,0.135,0.229,0.463,0.167,0.0997,0.0297,0.202,73.543,2,1,4,a green plastic watering can for a fake chinese rubber plant in a fake plastic earth that she bought from a rubber man in a town full of rubber plants to get rid of itself  it wears her out it wears her out it wears her out it wears her out  she lives with a broken man a cracked polystyrene man who just crumbles and burns he used to do surgery for girls in the eighties but gravity always wins  and it wears him out it wears him out it wears him out it wears  she looks like the real thing she tastes like the real thing my fake plastic love but i cant help the feeling i could blow through the ceiling if i just turn and run  and it wears me out it wears me out it wears me out it wears me out  and if i could be who you wanted if i could be who you wanted all the time all the time,71.0,3.0,0.04225352112676056,0.24423300516673202
Radiohead,The Bends,Bones,5,189000,1995,0.419,0.705,0.336,0.00154,0.606,0.0519,0.168,101.473,2,1,4,i dont want to be crippled and cracked shoulders wrists knees and back ground to dust and ash crawling on all fours  when youve got to feel it in your bones when youve got to feel it in your bones  now i cant climb the stairs pieces missing everywhere prozac painkillers  when youve got to feel it in your bones when youve got to feel it in your bones  and i used to fly like peter pan all the children flew when i touched their hands  listen youve got to feel it in your bones listen youve got to feel it in your bones ah ah ah,59.0,2.0,0.03389830508474576,0.31216931216931215
Radiohead,The Bends,(Nice Dream),6,233226,1995,0.375,0.566,0.263,0.163,0.261,0.0344,0.225,172.851,9,1,3,they love me like i was a brother they protect me listen to me they dug me my very own garden gave me sunshine made me happy  nice dream nice dream nice dream  i call up my friend the good angel but shes out with her answerphone she said that shed love to come help but the sea would electrocute us all  nice dream nice dream nice dream nice dream nice dream nice dream nice dream if you think that youre strong enough nice dream if you think you belong enough nice dream if you think that youre strong enough nice dream if you think you belong enough   nice dream nice dream nice dream nice dream,74.0,0.0,0.0,0.31728880999545506
Radiohead,The Bends,Just,7,234800,1995,0.359,0.767,0.291,0.000401,0.012,0.0862,0.0763,175.702,7,0,4,cant get the stink off hes been hanging round for days comes like a comet suckered you but not your friends  one day hell get to you and teach you how to be a holy cow  you do it to yourself you do and thats why it really hurts is that you do it to yourself just you you and no one else you do it to yourself you do it to yourself  dont get my sympathy hanging out the fifteenth floor youve changed the locks three times he still comes reeling through the door  one day ill get to you and teach you how to get to purest hell  you do it to yourself you do and thats why it really hurts is that you do it to yourself just you you and no one else you do it to yourself you do it to yourself   you do it to yourself you do and thats why it really hurts is that you do it to yourself just you you and no one else you do it to yourself you do it to yourself self  you do it to yourself you do it to yourself oh you do it to yourself oh you do it to yourself,60.0,6.0,0.1,0.25553662691652473
Radiohead,The Bends,My Iron Lung,8,276426,1995,0.672,0.859,0.242,0.0565,0.114,0.0663,0.38,96.917,0,1,4,faith youre driving me away you do it every day you dont mean it but it hurts like hell my brain says im receiving pain a lack of oxygen from my life support my iron lung  were too young to fall asleep too cynical to speak we are losing it cant you tell we scratch our eternal itch our twentieth century bitch we are grateful for our iron lung the headshrinkers they want my everything my uncle bill my belisha beacon the headshrinkers they want my everything my uncle bill my belisha beacon  suck suck your teenage thumb toilet trained and dumb when the power runs out well just hum this this is our new song just like the last one a total waste of time my iron lung  the headshrinkers they want my everything my uncle bill my belisha beacon the headshrinkers they want my everything my uncle bill my belisha beacon  and if youre frightened you can be frightened you can be its okay and if youre frightened you can be frightened you can be its okay   the headshrinkers they want my everything my uncle bill my belisha beacon the headshrinkers they want my everything my uncle bill my belisha beacon,110.0,5.0,0.045454545454545456,0.3979365182725214
Radiohead,The Bends,Bullet Proof ... I Wish I Was,9,208733,1995,0.0776,0.359,0.45,0.776,0.676,0.0289,0.0753,80.915,7,1,4,limb by limb and tooth by tooth stirring up inside of me every day every hour wish that i was bulletproof  wax me mould me heat the pins and stab them in you have turned me into this just wish that it  was bulletproof was bulletproof  so pay me money and take a shot lead fill the hole in me i could burst a million bubbles all surrogate  and bulletproof and bulletproof and bulletproof bulletproof,37.0,2.0,0.05405405405405406,0.1772599445224282
Radiohead,The Bends,Black Star,10,247040,1995,0.306,0.555,0.289,0.00312,0.0496,0.0402,0.27,158.671,7,1,4,i get home from work and youre still standing in your dressing gown well what am i to do i know all the things around your head and what they do to you  what are we coming to what are we gonna do  blame it on the black star blame it on the falling sky blame it on the satellite that beams me home  the troubled words of a troubled mind i try to understand what is eating you i try to stay awake but its fiftyeight hours since that i last slept with you  what are we coming to i just dont know anymore  blame it on the black star blame it on the falling sky blame it on the satellite that beams me home  i get on the train and i just stand about now that i dont think of you i keep falling over i keep passing out when i see a face like you  what am i coming to im gonna melt down  blame it on the black star blame it on the falling sky blame it on the satellite that beams me home  ah this is killing me ah this is killing me,86.0,9.0,0.10465116279069768,0.3481217616580311
Radiohead,The Bends,Sulk,11,222960,1995,0.671,0.635,0.105,0.00403,0.24,0.0455,0.106,191.805,7,1,3,you bite through the big wall the big wall bites back you sit there and sulk you sit there and bawl you look so pretty when youre on your knees disinfected and eager to please  sometimes you sulk sometimes you burn god rest your soul when the loving comes but were already gone just like your dad youll never change  each time it comes it eats me alive i try to behave but it eats me alive so i declare a holiday fall asleep drift away  sometimes you sulk sometimes you burn god rest your soul when the loving comes but were already gone just like your dad youll never change   sometimes you sulk sometimes you burn god rest your soul when the loving comes but were already gone just like your dad youll never change,80.0,1.0,0.0125,0.3588087549336204
Radiohead,The Bends,Street Spirit (Fade Out),12,253853,1995,0.131,0.454,0.488,0.317,0.694,0.0304,0.179,138.076,4,0,4,rows of houses all bearing down on me i can feel their blue hands touching me all these things into position all these things well one day swallow whole  and fade out again and fade out  this machine will will not communicate these thoughts and the strain i am under be a world child form a circle before we all go under  and fade out again and fade out again  ahnana ahnana ahnana ahnana ahnana ahnana ahnana ahnana  cracked eggs dead birds scream as they fight for life i can feel death can see its beady eyes all these things into position all these things well one day swallow whole  and fade out again and fade out again  ahnana ahnana ahnana ahnana ahnana ahnana ahnana ahnana immerse your soul in love ahnana ahnana ahnana ahnana immerse your soul in love ahnana ahnana,78.0,2.0,0.02564102564102564,0.3072644404438789
Radiohead,OK Computer,Airbag,1,287880,1997,0.648,0.872,0.305,0.00786,0.8,0.0503,0.261,167.959,2,1,4,in the next world war in a jackknifed juggernaut i am born again in the neon sign scrolling up and down i am born again  in an interstellar burst im back to save the universe  in a deep deep sleep of the innocent i am born again in a fast german car im amazed that i survived an airbag saved my life  in an interstellar burst i am back to save the universe   in an interstellar burst i am back to save the universe in an interstellar burst i am back to save the universe,45.0,0.0,0.0,0.15631513130471028
Radiohead,OK Computer,Paranoid Android,2,387213,1997,0.207,0.848,0.251,0.0377,0.00591,0.0579,0.0545,163.709,5,1,4,please could you stop the noise im trying to get some rest from all the unborn chicken voices in my head  whats that i may be paranoid but not an android whats that i may be paranoid but not an android  when i am king you will be first against the wall with your opinion which is of no consequence at all  whats that i may be paranoid but no android whats that i may be paranoid but no android  ambition makes you look pretty ugly kicking squealing gucci little piggy you dont remember you dont remember why dont you remember my name off with his head man off with his head man why dont you remember my name i guess he does  rain down rain down come on rain down on me from a great height from a great height height rain down rain down come on rain down on me from a great height from a great height height thats it sir youre leaving rain down the crackle of pigskin rain down the dust and the screaming come on rain down the yuppies networking on me the panic the vomit from a great height the panic the vomit from a great height god loves his children god loves his children yeah,105.0,0.0,0.0,0.2711685816333646
Radiohead,OK Computer,Subterranean Homesick Alien,3,267693,1997,0.337,0.595,0.312,0.0484,0.00139,0.0298,0.103,150.502,0,1,3,the breath of the morning i keep forgetting the smell of the warm summer air i live in a town where you cant smell a thing you watch your feet for cracks in the pavement up above aliens hover making home movies for the folks back home of all these weird creatures who lock up their spirits drill holes in themselves and live for their secrets  theyre all uptight uptight uptight uptight uptight uptight  i wish that theyd swoop down in a country lane late at night when im driving take me on board their beautiful ship show me the world as id love to see it id tell all my friends but theyd never believe me theyd think that id finally lost it completely id show them the stars and the meaning of life theyd shut me away  but id be alright alright mom im alright alright  im just uptight uptight uptight uptight uptight uptight uptight uptight uptight,95.0,2.0,0.021052631578947368,0.35488413966745486
Radiohead,OK Computer,Exit Music (For A Film),4,267186,1997,0.195,0.276,0.293,0.224,0.122,0.0349,0.167,121.603,4,0,4,wake from your sleep the drying of your tears today we escape we escape  pack and get dressed before your father hears us before all hell breaks loose  breathe keep breathing dont lose your nerve breathe keep breathing i cant do this alone  sing us a song a song to keep us warm theres such a chill such a chill  and you can laugh a spineless laugh we hope your rules and wisdom choke you now we are one in everlasting peace we hope that you choke that you choke  we hope that you choke that you choke we hope that you choke that you choke,56.0,10.0,0.17857142857142858,0.20959181993068499
Radiohead,OK Computer,Let Down,5,299560,1997,0.143,0.676,0.351,0.000121,0.113,0.0313,0.18,102.46,9,1,4,transport motorways and tramlines starting and then stopping taking off and landing the emptiest of feelings disappointed people clinging on to bottles and when it comes its so so disappointing  let down and hanging around crushed like a bug in the ground let down and hanging around  shell smashed juices flowing wings twitch legs are going dont get sentimental it always ends up drivel  one day i am gonna grow wings a chemical reaction hysterical and useless hysterical and  let down and hanging around crushed like a bug in the ground let down and hanging around  let down again let down again let down again  you know you know where you are with you know where you are with floor collapsing floating bouncing back  and one day i am gonna grow wings a chemical reaction you know where you are hysterical and useless you know where you are hysterical and you know where you are let down and hanging around crushed like a bug in the ground let down and hanging around,95.0,12.0,0.12631578947368421,0.31713179329683533
Radiohead,OK Computer,Karma Police,6,264066,1997,0.324,0.501,0.36,0.0638,9.32e-05,0.0258,0.172,74.807,7,1,4,karma police arrest this man he talks in maths he buzzes like a fridge hes like a detuned radio  karma police arrest this girl her hitler hairdo is making me feel ill and we have crashed her party  this is what you get this is what you get this is what you get when you mess with us  karma police ive given all i can its not enough ive given all i can but were still on the payroll  this is what you get this is what you get this is what you get when you mess with us  for a minute there i lost myself i lost myself phew for a minute there i lost myself i lost myself for a minute there i lost myself i lost myself phew for a minute there i lost myself i lost myself,57.0,9.0,0.15789473684210525,0.21585512712730906
Radiohead,OK Computer,Fitter Happier,7,117333,1997,0.744,0.391,0.432,0.813,0.00363,0.242,0.155,123.538,9,1,4,fitter happier more productive comfortable not drinking too much regular exercise at the gym three days a week getting on better with your associate employee contemporaries at ease eating well no more microwave dinners and saturated fats a patient better driver a safer car baby smiling in back seat sleeping well no bad dreams no paranoia careful to all animals never washing spiders down the plughole keep in contact with old friends enjoy a drink now and then will frequently check credit at moral bank hole in wall favors for favors fond but not in love charity standing orders on sundays ring road supermarket no killing moths or putting boiling water on the ants car wash also on sundays no longer afraid of the dark or midday shadows nothing so ridiculously teenage and desperate nothing so childish at a better pace slower and more calculated no chance of escape now selfemployed concerned but powerless an empowered and informed member of society pragmatism not idealism will not cry in public less chance of illness tires that grip in the wet shot of baby strapped in back seat a good memory still cries at a good film still kisses with saliva no longer empty and frantic like a cat tied to a stick thats driven into frozen winter shit the ability to laugh at weakness calm fitter healthier and more productive a pig in a cage on antibiotics,148.0,9.0,0.060810810810810814,1.2613672197932382
Radiohead,OK Computer,Electioneering,8,230626,1997,0.329,0.888,0.201,0.00267,0.0981,0.0707,0.291,78.977,9,0,4,i will stop i will stop at nothing say the right things when electioneering i trust i can rely on your vote  when i go forwards you go backwards and somewhere we will meet when i go forwards you go backwards and somewhere we will meet  riot shields voodoo economics your turn your turn its just business cattle prods and the imf i trust i can rely on your vote  when i go forwards you go backwards and somewhere we will meet when i go forwards you go backwards and somewhere we will meet,47.0,2.0,0.0425531914893617,0.20379315428442585
Radiohead,OK Computer,Climbing Up the Walls,9,285200,1997,0.221,0.656,0.243,0.0979,0.141,0.041,0.195,77.712,11,0,4,i am the key to the lock in your house that keeps your toys in the basement and if you get too far inside youll only see my reflection its always best with the covers up i am the pick in the ice do not cry out or hit the alarm you know were friends til we die  and either way you turn ill be there open up your skull ill be there climbing up the walls  its always best when the light is off its always better on the outside fifteen blows to the back of your head fifteen blows to your mind so lock the kids up safe tonight shut the eyes in the cupboard ive got the smell of a local man whos got the loneliest feeling  that either way he turns i will be there open up your skull ill be there climbing up the walls  climbing up the walls climbing up the walls,74.0,6.0,0.08108108108108109,0.2594670406732118
Radiohead,OK Computer,No Surprises,10,229120,1997,0.118,0.393,0.255,0.0577,0.00361,0.0278,0.113,76.426,5,1,4,a heart thats full up like a landfill a job that slowly kills you bruises that wont heal you look so tired unhappy bring down the government they dont they dont speak for us ill take a quiet life a handshake of carbon monoxide  and no alarms and no surprises no alarms and no surprises no alarms and no surprises silent silent  this is my final fit my final bellyache with  no alarms and no surprises no alarms and no surprises no alarms and no surprises please  such a pretty house and such a pretty garden  no alarms and no surprises get me out of here no alarms and no surprises get me out of here no alarms and no surprises please get me out of here,60.0,3.0,0.05,0.26187150837988826
Radiohead,OK Computer,Lucky,11,258813,1997,0.195,0.4,0.213,0.053,0.612,0.0324,0.111,133.369,11,0,4,im on a roll im on a roll this time i feel my luck could change kill me sarah kill me again with love its gonna be a glorious day  pull me out of the aircrash pull me out of the lake cause im your superhero we are standing on the edge the head of state has called for me by name but i dont have time for him its gonna be a glorious day i feel my luck could change pull me out of the aircrash pull me out of the lake cause im your superhero we are standing on the edge   we are standing on the edge,51.0,2.0,0.0392156862745098,0.19705347103893545
Radiohead,OK Computer,The Tourist,12,326533,1997,0.0398,0.295,0.241,0.223,0.0319,0.0318,0.11,114.347,4,1,5,it barks at no one else but me like its seen a ghost i guess its seen the sparks aflowin no one else would know  hey man slow down slow down idiot slow down slow down  sometimes i get overcharged thats when you see sparks they ask me where the hell im going at a thousand feet per second  hey man slow down slow down idiot slow down slow down   hey man slow down slow down idiot slow down slow down,49.0,1.0,0.02040816326530612,0.15006140267599294
Radiohead,Kid A,Everything In Its Right Place,1,251426,2000,0.0629,0.463,0.296,0.705,0.0482,0.0449,0.0954,123.943,5,0,5,kid a kid a kid a kid a  everything everything everything everything in its right place in its right place in its right place in its right place  yesterday i woke up sucking a lemon yesterday i woke up sucking a lemon yesterday i woke up sucking a lemon yesterday i woke up sucking a lemon  everything everything everything in its right place in its right place in its right place right place  there are two colours in my head there are two colours in my head what what is that you tried to say what what was that you tried to say tried to say tried to say tried to say tried to say  everything everything everything everything,65.0,0.0,0.0,0.25852537128220626
Radiohead,Kid A,Kid A,2,284506,2000,0.159,0.428,0.63,0.262,0.852,0.0358,0.278,112.923,5,1,4,i slip away i slipped on a little white lie  weve got heads on sticks and youve got ventriloquists weve got heads on sticks and youve got ventriloquists  standing in the shadows at the end of my bed standing in the shadows at the end of my bed standing in the shadows at the end of my bed standing in the shadows at the end of my bed  the rats and the children will follow me out of town rats and children follow me out of town come on kids,46.0,1.0,0.021739130434782608,0.16168376062367754
Radiohead,Kid A,The National Anthem,3,351693,2000,0.388,0.754,0.488,0.00237,0.851,0.0378,0.224,91.517,2,1,4,everyone everyone around here everyone is so near its holdin on its holdin on   everyone everyone is so near everyone has got the fear its holdin on its holdin on   its holdin on its holdin on holdin on   smile,19.0,0.0,0.0,0.054024390590657195
Radiohead,Kid A,How to Disappear Completely,4,356333,2000,0.19,0.302,0.167,0.316,0.797,0.0345,0.11,102.026,6,0,4,that there thats not me i go where i please i walk through walls i float down the liffey  im not here this isnt happening im not here im not here  in a little while ill be gone the moments already passed yeah its gone  and im not here this isnt happening im not here im not here  strobe lights and blown speakers fireworks and hurricanes  im not here this isnt happenin im not here im not here  ahah ahah ahah ahah ahahh ahah ahahah ahahah ahahhah ahahah ahah,47.0,1.0,0.02127659574468085,0.1318990943864307
Radiohead,Kid A,Treefingers,5,222600,2000,0.0577,0.146,0.165,0.827,0.887,0.0362,0.109,134.508,6,1,3,,0.0,0.0,0.0,0.0
Radiohead,Kid A,Optimistic,6,315973,2000,0.573,0.757,0.402,0.0496,0.846,0.0371,0.305,157.96,7,0,4,flies are buzzing round my head vultures circling the dead picking up every last crumb the big fish eat the little ones big fish eat the little ones not my problem give me some  you can try the best you can you can try the best you can the best you can is good enough you can try the best you can you can try the best you can the best you can is good enough  this ones optimistic this one went to market this one just came out of the swamp this one drops a payload fodder for the animals living on an animal farm  you can try the best you can you can try the best you can the best you can is good enough you can try the best you can you can try the best you can the best you can is good enough  id really like to help you man id really like to help you man nervous messed up marionette floating round on a prison ship  you can try the best you can you can try the best you can the best you can is good enough you can try the best you can you can try the best you can  dinosaurs roaming the earth dinosaurs roaming the earth dinosaurs roaming the earth,104.0,2.0,0.019230769230769232,0.32914204694704924
Radiohead,Kid A,In Limbo,7,211000,2000,0.509,0.635,0.366,0.675,0.819,0.032,0.135,88.949,0,1,4,lundy fastnet irish sea i got a message i cant read another message i cant read lundy fastnet irish sea i got a message i cant read another message i cant read  im on your side nowhere to hide trapdoors that open i spiral down  youre livin in a fantasy world youre livin in a fantasy world  im lost at sea dont bother me ive lost my way ive lost my way  youre livin in a fantasy world youre livin in a fantasy world youre livin in a fantasy world this beautiful world  come back lundy fastnet irish sea another message i cant read lundy fastnet irish sea another message i cant read come back another message i cant read another message i cant read another message i cant read another message i cant read come back,102.0,3.0,0.029411764705882353,0.4834123222748815
Radiohead,Kid A,Idioteque,8,309093,2000,0.525,0.931,0.615,0.0352,2.23e-05,0.273,0.0915,137.544,3,1,3,whos in a bunker whos in a bunker women and children first and the children first and the children ill laugh until my head comes off ill swallow til i burst until i burst until i whos in a bunker whos in a bunker i have seen too much you havent seen enough you havent seen it ill laugh until my head comes off women and children first and children first and children  here im alive everything all of the time here im alive everything all of the time  ice age comin ice age comin let me hear both sides let me hear both sides let me hear both ice age comin ice age comin throw him in the fire throw him in the fire throw him on the were not scaremongerin this is really happenin happenin were not scaremongerin this is really happenin happenin mobiles skwerking mobiles chirping take the money and run take the money and run take the money  here im alive everything all of the time here im alive everything all of the time here im alive everything all of the time here im alive everything all of the time n first and the childre n first and the childre n first and the childre n first and the ch first n first and the childre n first and the childre n first and the childre n first and the ch first n first and the childre n first and the childre n first and the childre n first and the ch first n first and the childre n first and the childre,154.0,3.0,0.01948051948051948,0.4982319237252219
Radiohead,Kid A,Morning Bell,9,275800,2000,0.392,0.462,0.646,0.719,0.291,0.0319,0.34,142.133,2,1,5,the morning bell the morning bell light another candle and  release me release me  you can keep the furniture a bump on the head howlin down the chimney  release me release me please release me release me  whered you park the car whered you park the car clothes are on the lawn with the furniture now i might as well i might as well sleepy jack the fire drill round and round and round and round and round and round and round and round  cut the kids in half cut the kids in half cut the kids in half  the lights are on but nobodys home everybody wants to be a friend the lights are on but nobodys home nobody wants to be a slave walkin walkin walkin walkin walkin walkin walkin walkin walkin walkin walkin walkin walkin walkin walkin walkin,82.0,1.0,0.012195121951219513,0.29731689630166785
Radiohead,Kid A,Motion Picture Soundtrack,10,200482,2000,0.0427,0.13,0.112,0.921,0.706,0.0347,0.13,90.835,7,1,4,red wine and sleeping pills help me get back to your arms cheap sex and sad films help me get where i belong  i think youre crazy maybe i think youre crazy maybe  stop sending letters letters always get burned its not like the movies they fed us on little white lies  i think youre crazy maybe i think youre crazy maybe i will see you in the next life,48.0,4.0,0.08333333333333333,0.23942299059267166
Radiohead,Kid A,Untitled,11,52694,2000,0.0769,0.225,0.369,0.992,0.813,0.0654,0.106,64.655,7,1,3,,0.0,0.0,0.0,0.0
Radiohead,Amnesiac,Packt Like Sardines In a Crushd Tin Box,1,240333,2001,0.65,0.638,0.666,0.731,0.859,0.0385,0.0933,124.618,0,1,4,after years of waiting nothing came as your life flashed before your eyes you realize  im a reasonable man get off get off get off my case im a reasonable man get off my case get off my case  after years of waiting  after years of waiting nothing came and you realize youre looking in looking in the wrong place  im a reasonable man get off my case get off my case im a reasonable man get off my case get off my case get off my case im a reasonable man get off my case get off my case get off my case  imma try for after years of waiting  im a reasonable man get off my case get off my case get off my case im a reasonable man get off my case get off my case get off my case im a reasonable man get off my case get off my case get off my case im a reasonable man get off my case get off my case get off my case,99.0,23.0,0.23232323232323232,0.4119284492766287
Radiohead,Amnesiac,Pyramid Song,2,288733,2001,0.0679,0.336,0.12,0.786,0.404,0.0352,0.111,72.64,11,0,4,i jumped in the river and what did i see blackeyed angels swam with me a moon full of stars and astral cars and all the figures i used to see all my lovers were there with me all my past and futures and we all went to heaven in a little row boat  there was nothing to fear and nothing to doubt  i jumped into the river blackeyed angels swam with me a moon full of stars and astral cars and all the figures i used to see all my lovers were there with me all my past and futures and we all went to heaven in a little row boat  there was nothing to fear and nothing to doubt there was nothing to fear and nothing to doubt there was nothing to fear and nothing to doubt,59.0,4.0,0.06779661016949153,0.20434103479685384
Radiohead,Amnesiac,Pulk/Pull Revolving Doors,3,247266,2001,0.141,0.625,0.58,5.46e-05,0.725,0.0896,0.1,97.044,10,0,4,there are barn doors and there are revolving doors doors in the rudders of big ships and there are revolving doors  there are doors that open by themselves there are sliding doors and and there are secret doors there are doors that lock and doors that dont there are doors that let you in and out but never open and there are trapdoors that you cant come back from,28.0,0.0,0.0,0.11323837486755153
Radiohead,Amnesiac,You And Whose Army?,4,191000,2001,0.131,0.15,0.295,0.794,0.205,0.0325,0.103,137.504,1,0,4,come on come on you think you drive me crazy well come on come on  you and whose army you and your cronies  come on come on holy roman empire come on if you think come on if you think you can take us on you can take us on  you and whose army you and your cronies  you forget so easy we ride tonight we ride tonight ghost horses ghost horses we ride tonight we ride tonight ghost horses ghost horses ghost horses,47.0,1.0,0.02127659574468085,0.24607329842931938
Radiohead,Amnesiac,I Might Be Wrong,5,293773,2001,0.505,0.735,0.602,0.261,0.794,0.0254,0.11,102.895,7,0,4,i might be wrong i might be wrong i could have sworn i saw a light coming on i used to think i used to think there was no future left at all i used to think  open up begin again  lets go down the waterfall think about the good times and never look back never look back  what would i do what would i do if i did not have you  open up and let me in  lets go down the waterfall have ourselves a good time its nothing at all its nothing at all nothing at all  keep it moving keep it moving ah ah ah,50.0,0.0,0.0,0.1701994397034445
Radiohead,Amnesiac,Knives Out,6,254866,2001,0.184,0.675,0.432,0.091,0.287,0.0337,0.159,137.262,2,0,4,i want you to know hes not coming back look into my eyes im not coming back  so knives out catch the mouse dont look down shove it in your mouth  if youd been a dog they would have drowned you at birth look into my eyes its the only way youll know im telling the truth  so knives out cook him up squash his head put him in the pot  i want you to know hes not coming back hes bloated and frozen still theres no point in letting it go to waste  so knives out catch the mouse squash his head put him in the pot,57.0,0.0,0.0,0.2236469360369763
Radiohead,Amnesiac,Morning Bell/Amnesiac,7,194266,2001,0.182,0.421,0.319,0.712,0.0495,0.0322,0.0956,61.709,2,1,4,the morning bell the morning bell light another candle and  release me release me  you can keep the furniture a bump on the head howling down the chimney  release me release me yeah  release me release me  whered you park the car whered you park the car your clothes are on the lawn with the furniture and i might as well i might as well sleepy jack the fire drill run around around around around and round  cut the kids in half cut the kids in half cut the kids in half  release me release me release me release me,56.0,0.0,0.0,0.2882645444905439
Radiohead,Amnesiac,Dollars and Cents,8,291733,2001,0.0883,0.565,0.327,0.395,0.247,0.0306,0.112,138.308,7,1,4,there are better things to talk about be constructive there are weapons we can use be constructive with your blues even when its only warnings even when you talk the war games  oh why dont you quiet down maybe i want peace and honesty why dont you quiet down maybe i want to live in the childrens land and you know maybe maybe i why dont you quiet down maybe ill wander the promised land i want peace and honesty why dont you quiet down i want to live in the promised land and maybe wander the childrens land quiet down yeah and there there we can free  you dont live in a business world and he never goes and you never stay we all have goals in a liberal world living in times when i could stand it babe all over babys crying itll all be baby i can see out of here all over the planets dead all over the planet so let me out of here all over the all over the all over the all over the  quiet down we are the dollars and cents and the pounds and pence and the mark and the yen and yeah why dont you quiet down were gonna crack your little souls were gonna crack your little souls why dont you quiet down we are the dollars and cents and the pounds and pence and the pounds and pence and yeah why dont you quiet down were gonna crack your little souls crack your little souls we are the dollars and cents,120.0,12.0,0.1,0.4113350220921185
Radiohead,Amnesiac,Hunting Bears,9,121200,2001,0.0736,0.264,0.295,0.853,0.926,0.0432,0.0962,143.191,7,1,3,,0.0,0.0,0.0,0.0
Radiohead,Amnesiac,Like Spinning Plates,10,237466,2001,0.218,0.409,0.492,0.711,0.906,0.0646,0.23,138.472,1,0,4,while you make pretty speeches im being cut to shreds you feed me to the lions a delicate balance  when this just feels like spinning plates im living in cloud cuckoo land and this just feels like spinning plates my bodys floating down the muddy river,27.0,0.0,0.0,0.11370048764875813
Radiohead,Amnesiac,Life In a Glasshouse,11,276693,2001,0.0466,0.397,0.252,0.728,0.0404,0.0364,0.116,123.924,7,0,4,once again im in trouble with my only friend she is papering the windowpanes she is putting on a smile living in a glasshouse  and once again packed like frozen food and battery hens think of all the starving millions dont talk politics and dont throw stones your royal highnesses  well of course id like to sit around and chat well of course id like to stay and chew the fat well of course id like to sit around and chat but someones listening in  once again we are hungry for a lynching thats a strange mistake to make you should turn the other cheek living in a glasshouse  well of course id like to sit around and chat well of course id like to stay and chew the fat well of course id like to sit around and chat  only only only only only only only only only only only only only only only only  theres someone listening in,83.0,3.0,0.03614457831325301,0.2999714485006849
Radiohead,Hail To the Thief,2 + 2 = 5,1,199360,2003,0.386,0.717,0.442,0.178,5.1e-05,0.0504,0.344,149.582,5,0,4,were on thats a nice way to start jonny  are you such a dreamer to put the world to rights ill stay home forever where two and two always makes a five  ill lay down the tracks sandbag and hide january has april showers and two and two always makes a five  its the devils way now there is no way out you can scream and you can shout it is too late now because  you have not been paying attention paying attention paying attention paying attention you have not been paying attention paying attention paying attention paying attention you have not been paying attention paying attention paying attention paying attention you have not been paying attention paying attention paying attention paying attention  i try to sing along but i get it all wrong cause im not cause im not i swat em like flies but like flies the bugs keep coming back not but im not all hail to the thief all hail to the thief but im not but im not but im not but im not dont question my authority or put me in a box cause im not cause im not oh go and tell the king that the sky is falling in but its not but its not but its not maybe not maybe not,114.0,7.0,0.06140350877192982,0.5718298555377207
Radiohead,Hail To the Thief,Sit Down. Stand Up,2,259973,2003,0.522,0.559,0.484,0.0161,0.502,0.0401,0.0562,161.055,5,0,4,sit down stand up sit down stand up  walk into the jaws of hell sit down walk into the jaws of hell stand up anytime sit down anytime stand up  sit down stand up sit down  hey we can wipe you out anytime stand up we can wipe you out sit down anytime anytime stand up sit down  the raindrops the raindrops the raindrops the raindrops the raindrops the raindrops the raindrops the raindrops the raindrops the raindrops the raindrops the raindrops the raindrops the raindrops the raindrops the raindrops the raindrops the raindrops the raindrops the raindrops the raindrops the raindrops the raindrops the raindrops the raindrops the raindrops the raindrops the raindrops the raindrops the raindrops the raindrops the raindrops the raindrops the raindrops the raindrops the raindrops the raindrops the raindrops the raindrops the raindrops the raindrops the raindrops the raindrops the raindrops the raindrops the raindrops the raindrops the raindrops,77.0,2.0,0.025974025974025976,0.2961846037857777
Radiohead,Hail To the Thief,Sail To The Moon,3,258360,2003,0.0536,0.295,0.371,0.797,0.552,0.0315,0.0977,111.914,9,0,4,i sucked the moon i spoke too soon and how much did it cost i was dropped from moonbeams and sailed on shootin stars  maybe youll be president but know right from wrong or in the flood youll build an ark and sail us to the moon  sail us to to the moon sail to,28.0,0.0,0.0,0.10837590958352686
Radiohead,Hail To the Thief,Backdrifts,4,322600,2003,0.725,0.719,0.718,0.646,0.297,0.0789,0.108,93.065,11,1,4,were rotten fruit were damaged goods what the hell weve got nothing more to lose one gust and we will probably crumble were backdrifting  this far but no further im hanging off a branch im teetering on the brink of honey sweets so full of sleep im backsliding  you fell into our arms you fell into our arms we tried but there was nothing we could do nothing we could do  all evidence has been buried all tapes have been erased but your footsteps give you away so youre backtracking  ahahah you fell into our arms you fell into our arms we tried but there was nothing we could do nothing we could do  you fell into our you fell into our  were rotten fruit were damaged goods what the hell weve got nothing more to lose one gust and we will probably crumble were backdrifters,71.0,12.0,0.16901408450704225,0.22008679479231247
Radiohead,Hail To the Thief,Go To Sleep,5,201506,2003,0.66,0.86,0.288,0.103,0.000399,0.0393,0.102,161.196,2,0,4,something for the rag and bone man over my dead body something big is gonna happen over my dead body  someones son or someones daughter over my dead body this is how i end up sucked in over my dead body  im gonna go to sleep and let this wash all over me  we dont really want a monster taking over tiptoe round tie him down we dont want the loonies taking over tiptoe round tie him down  may pretty horses come to you as you sleep im gonna go to sleep and let this wash all over me,57.0,0.0,0.0,0.28286998898295834
Radiohead,Hail To the Thief,Where I End and You Begin,6,269293,2003,0.48,0.713,0.298,0.0627,0.859,0.0352,0.142,121.309,8,1,4,theres a gap in between theres a gap where we meet where i end and you begin and im sorry for us the dinosaurs roam the earth the sky turns green where i end and you begin  four five six seven  i am up in the clouds i am up in the clouds and i cant and i cant come down i can watch but not take part where i end and where you start where you you left me alone you left me alone  x will mark the place like the parting of the waves like a house falling in the sea in the sea  i will eat you alive i will eat you alive i will eat you alive i will eat you alive therell be no more lies therell be no more lies therell be no more lies therell be no more lies i will eat you alive i will eat you alive i will eat you alive i will eat you alive therell be no more lies therell be no more lies therell be no more lies therell be no more lies i will eat you alive i will eat you alive i will eat you alive i will eat you alive therell be no more lies therell be no more lies therell be no more lies therell be no more lies i will eat you alive i will eat you alive i will eat you alive,101.0,2.0,0.019801980198019802,0.37505616558915383
Radiohead,Hail To the Thief,We Suck Young Blood,7,296706,2003,0.0378,0.239,0.164,0.878,0.0292,0.0304,0.105,76.72,3,0,4,are you hungry are you sick are you begging for a break are you sweet are you fresh are you strung up by the wrists  we want the young blood are you fracturing are you torn at the seams would you do anything fleabitten moth eaten  we suck young blood we suck young blood  wont let the creeping ivy wont let the nervous bury me our veins are thin our rivers poisoned  we want the sweet meats we want the young blood,43.0,3.0,0.06976744186046512,0.14492460550174247
Radiohead,Hail To the Thief,The Gloaming,8,212026,2003,0.115,0.609,0.345,0.106,0.101,0.343,0.382,200.127,4,0,3,genie let out of the bottle it is now the witching hour genie let out of the bottle it is now the witching hour murderers youre murderers we are not the same as you genie let out of the bottle funny haha funny how  when the walls bend when the walls bend with your breathing with your breathing when the walls bend when the walls bend with your breathing with your breathing with your breathing  they will suck you down to the other side they will suck you down to the other side they will suck you down to the other side they will suck you down to the other side to the shadows blue and red shadows blue and red your alarm bells your alarm bells shadows blue and red shadows blue and red your alarm bells your alarm  they should be ringing they should be ringing they should be ringing they should be ringing they should be ringing they should be ringing they should be ringing they should be ringing  they should be ringing they should be ringing they should be ringing they should be ringing this is the gloaming,72.0,4.0,0.05555555555555555,0.3395809947836586
Radiohead,Hail To the Thief,"There, There",9,323600,2003,0.716,0.677,0.614,0.0193,0.52,0.0323,0.108,126.482,9,0,4,in pitch dark i go walking in your landscape broken branches trip me as i speak  just cause you feel it doesnt mean its there just cause you feel it doesnt mean its there  theres always a siren singing you to shipwreck dont reach out dont reach out dont reach out dont reach out steer away from these rocks wed be a walking disaster dont reach out dont reach out dont reach out dont reach out  just cause you feel it doesnt mean its there someone on your shoulder someone on your shoulder just cause you feel it doesnt mean its there someone on your shoulder someone on your shoulder  there there  why so green and lonely and lonely and lonely heaven sent you to me to me to me  we are accidents waiting waiting to happen we are accidents waiting waiting to happen,74.0,7.0,0.0945945945945946,0.22867737948084055
Radiohead,Hail To the Thief,I Will,10,119466,2003,0.167,0.133,0.27,0.946,0.000131,0.0329,0.113,74.908,1,0,4,i will lay me down in a bunker underground i wont let this happen to my children meet the real world coming out of your shell with white elephants sitting ducks i will rise up  little babys eyes eyes eyes eyes little babys eyes eyes eyes eyes little babys eyes eyes eyes,34.0,1.0,0.029411764705882353,0.28459980245425476
Radiohead,Hail To the Thief,A Punch Up at a Wedding,11,297333,2003,0.562,0.507,0.604,0.0776,0.054,0.0268,0.0919,79.039,11,0,4,no no no no no no no no no no no no no no no no no no no no no no no no no no no no no no no no no no no no no no no no no no  i dont know why you bother nothings ever good enough for you i was there it wasnt like that youve come here just to start a fight  you had to piss on our parade you had to shred our big day you had to ruin it for all concerned in a drunken punchup at a wedding yeah  hypocrite opportunist dont infect me with your poison a bully in a china shop when i turn round you stay frozen to the spot  the pointless snide remarks of hammerheaded sharks the pot will call the kettle black its a drunken punchup at a wedding yeah  no no no no no no no no no no no no no no no no no no no no no no no no no no no no no no no no no no no no no no no no no no no no no no no no no no no no no no no no no no no no no no no no no,50.0,5.0,0.1,0.16816162349957792
Radiohead,Hail To the Thief,Myxomatosis,12,232533,2003,0.571,0.816,0.498,0.00018,0.719,0.0361,0.299,99.124,7,1,4,the mongrel cat came home holding half a head proceeded to show it off to all his newfound friends he said i been where i liked i slept with who i like she ate me up for breakfast she screwed me in a vice but now  i dont know why i feel so tongue tied  i sat in the cupboard and wrote it down in neat they were cheering and waving cheering and waving twitching and salivating like with myxomatosis but it got edited fucked up strangled beaten up used in a photo in time magazine buried in a burning black hole in devon  i dont know why i feel so tongue tied dont know why i feel so skinned alive  my thoughts are misguided and a little nave i twitch and i salivate like with myxomatosis you should put me in a home or you should put me down i got myxomatosis i got myxomatosis yeah no one likes a smartass but we all like stars wait that wasnt my intention i did it for a reason it must have got mixed up strangled beaten up i got myxomatosis i got myxomatosis  i dont know why i feel so tongue tied,99.0,2.0,0.020202020202020204,0.425746023145102
Radiohead,Hail To the Thief,Scatterbrain,13,201706,2003,0.234,0.753,0.491,0.0316,0.0587,0.0314,0.0617,126.142,7,1,4,im walking out in a force ten gale birds thrown around bullets for hail the roof is pulling off by its fingernails your voice is rapping on my windowsill  yesterdays headlines blown by the wind yesterdays people end up scatterbrain there any fool can easy pick a hole i only wish i could fall in a moving target in a firing range  somewhere im not scatterbrain somewhere im not scatterbrain lightning fuse powercut scatterbrain,45.0,1.0,0.022222222222222223,0.22309698273725123
Radiohead,Hail To the Thief,A Wolf At the Door,14,201333,2003,0.364,0.675,0.423,0.265,4.21e-06,0.0303,0.235,69.27,7,1,3,drag him out your window dragging out the dead singing i miss you snakes and ladders flip the lid out pops the cracker smacks you in the head knifes you in the neck kicks you in the teeth steel toe caps takes all your credit cards get up get the gunge get the eggs get the flan in the face the flan in the face the flan in the face dance you fucker dance you fucker dont you dare dont you dare dont you flan in the face take it with the love its given take it with a pinch of salt take it to the taxman let me back let me back i promise to be good dont look in the mirror at the face you dont recognize help me call the doctor put me inside put me inside put me inside put me inside put me inside  i keep the wolf from the door but he calls me up calls me on the phone tells me all the ways that hes gonna mess me up steal all my children if i dont pay the ransom and ill never see them again if i squeal to the cops  no no no no no no no no no no no no no no no no no no no no no no no no no no no no no no no no no no no no no no no no no no no no no no no no no no no no no no no no no no no no no no no no no no no no no no no no no no no no no no no no no no no no no no no no no no no no no no no no no no no no no no no no no  walking like giant cranes and with my xray eyes i strip you naked in a tight little world and are you on the list stepford wives who are we to complain investments and dealers investments and dealers cold wives and mistresses cold wives and sunday papers city boys in first class dont know were born at all just know someone else is gonna come and clean it up born and raised for the job someone always does oh i wish youd get up get over get up get over turn your tape off i keep the wolf from the door but he calls me up calls me on the phone tells me all the ways that hes gonna mess me up steal all my children if i dont pay the ransom and ill never see them again if i squeal to the cops so im just gonna,181.0,6.0,0.03314917127071823,0.899008110940581
Radiohead,In Rainbows,15 Step,1,237293,2007,0.844,0.854,0.598,0.0477,0.338,0.0422,0.0934,94.458,1,1,4,how come i end up where i started how come i end up where i went wrong wont take my eyes off the ball again you reel me out then you cut the string how come i end up where i started how come i end up where i went wrong wont take my eyes off the ball again first you reel me out and then you cut the string  you used to be alright what happened did the cat get your tongue did your string come undone one by one one by one it comes to us all its as soft as your pillow  you used to be alright what happened et cetera et cetera fads for whatever fifteen steps then a sheer drop  how come i end up where i started how come i end up where i went wrong wont take my eyes off the ball again you reel me out then you cut the string,73.0,0.0,0.0,0.30763655059357
Radiohead,In Rainbows,Bodysnatchers,2,242293,2007,0.733,0.976,0.342,0.00443,0.0175,0.0573,0.0974,166.663,2,1,4,i do not understand what it is ive done wrong full of holes check for pulse blink your eyes one for yes two for no  i have no idea what i am talking about i am trapped in this body and cant get out  you killed the sound removed backbone a pale imitation with the edges sawn off  i have no idea what you are talking about your mouth moves only with someones hand up your arse  has the light gone out for you because the lights gone out for me it is the twentyfirst century it is the twentyfirst century it can follow you like a dog it brought me to my knees they got a skin and they put me in they got a skin and they put me in on the lines wrapped round my face on the lines wrapped round my face and for anyone else to see and for anyone else to see im a lie  ive seen it coming theyve seen it coming theyve seen it coming theyve seen it coming,81.0,1.0,0.012345679012345678,0.3343059849025766
Radiohead,In Rainbows,Nude,3,255386,2007,0.167,0.342,0.516,0.832,0.579,0.0342,0.0857,128.378,4,1,3,dont get any big ideas theyre not gonna happen you paint yourself white and fill up with noise but therell be something missing  now that youve found it its gone now that you feel it you dont youve gone off the rails  so dont get any big ideas theyre not gonna happen youll go to hell for what your dirty mind is thinking,37.0,2.0,0.05405405405405406,0.14487873258518477
Radiohead,In Rainbows,Weird Fishes/ Arpeggi,4,318186,2007,0.199,0.61,0.531,0.772,0.756,0.0387,0.0908,152.958,11,0,4,in the deepest ocean the bottom of the sea your eyes they turn me why should i stay here why should i stay  id be crazy not to follow follow where you lead your eyes they turn me turn me into phantoms way out i follow to the edge way out of the earth way out and fall off yeah everybody leaves way out if they get the chance way out and this way out is my chance  i get eaten by the worms and weird fishes picked over by the worms and weird fishes weird fishes weird fishes  yeah i i hit the bottom hit the bottom and escape escape i i hit the bottom hit the bottom and escape escape,59.0,7.0,0.11864406779661017,0.18542613439937647
Radiohead,In Rainbows,All I Need,5,228746,2007,0.0997,0.478,0.67,0.531,0.428,0.0355,0.138,88.014,4,0,4,im the next act waiting in the wings im an animal trapped in your hot car i am all the days that you choose to ignore  you are all i need youre all i need im in the middle of your picture lying in the reeds  i am a moth who just wants to share your light im just an insect trying to get out of the night i only stick with you because there are no others  you are all i need youre all i need im in the middle of your picture lying in the reeds  its all wrong its all wrong its all wrong its alright  its alright  its alright its all wrong  its alright its alright  its alright,50.0,0.0,0.0,0.2185830571900711
Radiohead,In Rainbows,Faust Arp,6,129679,2007,0.225,0.288,0.337,0.84,0.199,0.0321,0.0964,105.036,9,0,4,one two three four  wakey wakey rise and shine its on again off again on again watch me fall like dominoes in pretty patterns fingers in the blackbird pie im tingling tingling tingling its what you feel not what you ought to what you ought to reasonable and sensible  dead from the neck up i guess im stuffed stuffed stuffed we thought you had it in you but not not not for no real reason  squeeze the tubes and empty bottles i take a bow take a bow take a bow its what you feel not what you ought to what you ought to the elephant thats in the room is tumbling tumbling tumbling in duplicate and triplicate and plastic bags in duplicate and triplicate  dead from the neck up i guess im stuffed stuffed stuffed we thought you had it in you but not not not exactly where do you get off is enough is enough i love you but enough is enough enough of that stuff theres no real reason  youve got a head full of feathers you got melted to butter,89.0,1.0,0.011235955056179775,0.6863100424895319
Radiohead,In Rainbows,Reckoner,7,290213,2007,0.214,0.656,0.523,0.511,0.16,0.0262,0.0679,104.271,4,0,4,reckoner you cant take it with you dancing for your pleasure  you are not to blame for bittersweet distractor dare not speak its name dedicated to all hu all human beings  because we separate like ripples on a blank shore in rainbows because we separate like ripples on a blank shore in rainbows  reckoner take me with you dedicated to all hu all human beings,33.0,0.0,0.0,0.11370958571807603
Radiohead,In Rainbows,House Of Cards,8,328293,2007,0.628,0.499,0.708,0.269,0.57,0.0297,0.101,111.652,5,1,4,i dont want to be your friend i just want to be your lover no matter how it ends no matter how it starts  forget about your house of cards and ill do mine forget about your house of cards and ill do mine and fall off the table get swept under denial denial  the infrastructure will collapse from voltage spikes throw your keys in the bowl kiss your husband goodnight  and forget about your house of cards and ill do mine forget about your house of cards and ill do mine fall off the table get swept under denial denial denial denial your ears should be burning denial denial your ears should be burning,59.0,7.0,0.11864406779661017,0.17971750844519988
Radiohead,In Rainbows,Jigsaw Falling Into Place,9,248893,2007,0.807,0.832,0.462,0.108,0.00416,0.0479,0.0741,165.653,11,0,4,just as you take my hand just as you write my number down just as the drinks arrive just as they play your favourite song as your bad day disappears no longer wound up like a spring before youve had too much come back in focus again the walls are bending shape theyve got a cheshire cat grin all blurring into one this place is on a mission before the night owl before the animal noises closed circuit cameras before youre comatose  before you run away from me before youre lost between the notes the beat goes round and round the beat goes round and round i never really got there i just pretended that i had words are blunt instruments words are sawnoff shotguns come on and let it out come on and let it out come on and let it out come on and let it out before you run away from me before youre lost between the notes just as you take the mic just as you dance dance dance  a jigsaw falling into place so there is nothing to explain you eye each other as you pass she looks back and you look back not just once and not just twice wish away your nightmare wish away the nightmare you got the light you can feel it on your back a light you can feel it on your back your jigsaw falling into place,111.0,7.0,0.06306306306306306,0.4459747763094985
Radiohead,In Rainbows,Videotape,10,279634,2007,0.0506,0.383,0.596,0.694,0.808,0.0324,0.0889,77.423,1,0,4,when im at the pearly gates thisll be on my videotape my videotape when mephistopheles is just beneath and hes reaching up to grab me this is one for the good days and i have it all here in red blue green in red blue green you are my centre when i spin away out of control on videotape on videotape on videotape on videotape on videotape on videotape on videotape  this is my way of saying goodbye because i cant do it face to face so im talking to you before no matter what happens now you shouldnt be afraid because i know today has been the most perfect day ive ever seen,50.0,2.0,0.04,0.17880515244927297
Radiohead,The King Of Limbs,Bloom,1,313671,2011,0.341,0.959,0.519,0.619,0.886,0.157,0.0831,149.729,0,0,4,open your mouth wide a universal sigh and while the ocean blooms its what keeps me alive so why does this still hurt dont blow your mind with whys im movin out of orbit turnin in somersaults turnin in somersaults a giant turtles eyes a giant turtles eyes jellyfish float by jellyfish float by its what keeps me alive,34.0,1.0,0.029411764705882353,0.10839382665276676
Radiohead,The King Of Limbs,Morning Mr Magpie,2,280719,2011,0.402,0.587,0.648,0.42,0.839,0.052,0.141,70.124,5,1,4,you got some nerve comin here you got some nerve comin here you stole it off give it back you stole it off give it back  good morning mr magpie how are we today now youve stolen all the magic and took my memory  oohoohoohoohoohooh oohoohoohooh oohoohoohooh oohoohooh  you know you should but you dont you know you should but you dont ooh  good morning mr magpie how are we today now youve stolen all my magic took my melody,41.0,0.0,0.0,0.14605352683644499
Radiohead,The King Of Limbs,Little By Little,3,267154,2011,0.603,0.887,0.618,0.427,0.415,0.0376,0.213,115.623,4,0,4,dont turn nasty now the dusts of hell a pillar of my salt the last one out of the box the one who broke the spell  little by little by hook or by crook im such a tease and youre such a flirt once youve been round youve been around enough oohoohooh little by little by hook or by crook never in earnest never get judged im no idiot i should look oohoohoohoohoh  the glue wont hold the thread unpulls uncurling with my love the last one out of the box the one who broke the seal  obligations complications routines and schedules the drug that will kill you kill you ohohohoh you  little by little by hook or by crook never in earnest never get judged im no idiot i should look little by little by hook or by crook im such a tease and youre such a flirt,81.0,8.0,0.09876543209876543,0.3031959094754336
Radiohead,The King Of Limbs,Feral,4,192742,2011,0.729,0.777,0.49,0.00101,0.897,0.0974,0.0896,135.991,7,1,4,youre not youre not mine im not yours its all fine please dont judge judge youre not mine  judge,12.0,0.0,0.0,0.062259393385977115
Radiohead,The King Of Limbs,Lotus Flower,5,300219,2011,0.62,0.676,0.721,0.0899,0.334,0.032,0.0826,127.99,2,0,4,i will shape myself into your pocket invisible do what you want do what you want i will shrink and i will disappear i will slip into the groove and cut me off and cut me off  theres an empty space inside my heart where the weeds take root and now ill set you free ill set you free theres an empty space inside my heart where the weeds take root so now ill set you free ill set you free  slowly we unfurl as lotus flowers cause all i want is the moon upon a stick just to see what if just to see what is i cant kick your habit just to feed your fast balloonin head listen to your heart  we will shrink and then be quiet as mice and while the cat is away do what we want do what we want  theres an empty space inside my heart where the weeds take root so now ill set you free ill set you free  cause all i want is the moon upon a stick just to see what if just to see what is oh the bird thats flown into my room  slowly we unfurl as lotus flowers cause all i want is the moon upon a stick i dance around the pit the darkness is beneath i cant kick your habit just to feed your fast balloonin head listen to your heart,115.0,13.0,0.11304347826086956,0.38305370412931894
Radiohead,The King Of Limbs,Codex,6,287066,2011,0.0654,0.128,0.346,0.841,0.76,0.0303,0.13,58.996,2,0,4,sleight of hand jump off the end into a clear lake no one around just dragonflies fantasised no one gets hurt youve done nothing wrong  oohooh oohooh  slide your hand jump off the end the waters clear and innocent the waters clear and innocent ,29.0,1.0,0.034482758620689655,0.1010220646123191
Radiohead,The King Of Limbs,Give Up The Ghost,7,290067,2011,0.157,0.262,0.305,0.886,0.0781,0.0297,0.19,77.061,7,1,4,dont hurt me dont hurt me dont hurt me dont hurt me dont hurt me  gather up the lost and their souls dont hurt me into your arms dont hurt me into your arms dont hurt me gather up the pitiful dont hurt me dont hurt me into your arms dont hurt me into your arms dont hurt me into your arms dont hurt me into your arms dont hurt me  into your arms what seems impossible dont hurt me dont hurt me into your arms dont hurt me into your arms dont hurt me into your arms i think i have had my fill dont hurt me dont hurt me into your arms dont hurt me into your arms dont hurt me into your arms dont hurt me into your arms dont hurt me i think i should give up the ghost dont hurt me dont hurt me into your arms into your arms dont hurt me dont hurt me  into your arms dont hurt me into your arms dont hurt me into your arms dont hurt me into your arms dont hurt me into your arms dont hurt me into your arms dont hurt me into your arms dont hurt me into your arms dont hurt me into your arms dont hurt me into your arms dont hurt me,114.0,40.0,0.3508771929824561,0.39301264880182857
Radiohead,The King Of Limbs,Separator,8,319249,2011,0.631,0.776,0.694,0.039,0.741,0.0557,0.0884,113.804,3,1,4,its like ive fallen out of bed from a long and vivid dream the sweetest flowered fruits were hangin from the trees fallin off the giant bird thats been carryin me its like ive fallen out of bed from a long and vivid dream  just exactly as i remember every word every gesture ive my heart in my mouth  like ive fallen out of bed from a long and vivid dream finally im free of all the weight ive been carrying  and as that woman blows her cover in the eye of the beholder im a fish now out of water  did so much did so much fallen off a giant bird thats been carryin me  i fell open i lay under at the tip off lost your number i wanna slip over and get back under  and if you think this is over then youre wrong if you think this is over then youre wrong wake me up will you wake me up if you think this is over then youre wrong wake me up will you wake me up if you think this is over then youre wrong  wake me up will you wake me up like ive fallen out of bed from a long and vivid dream wake me up will you wake me up finally im free of all the weight ive been carryin  when at last you give in when at last you give in wake me up will you wake me up wake me up will you wake me up wake me up will you wake me up wake me up will you wake me up,117.0,5.0,0.042735042735042736,0.36648509470663965
Radiohead,A Moon Shaped Pool,Burn the Witch,1,220609,2016,0.62,0.847,0.54,0.303,0.272,0.0297,0.109,148.936,11,1,4,stay in the shadows cheer at the gallows this is a roundup this is a lowflying panic attack  sing the song on the jukebox that goes burn the witch burn the witch we know where you live  red crosses on wooden doors if you float you burn loose talk around tables abandon all reason avoid all eye contact do not react shoot the messengers this is a lowflying panic attack  sing the song of sixpence that goes  burn the witch burn the witch we know where you live we know where you live,51.0,4.0,0.0784313725490196,0.23117823842182322
Radiohead,A Moon Shaped Pool,Daydreaming,2,384438,2016,0.113,0.263,0.214,0.968,0.853,0.0336,0.126,137.561,9,0,3,dreamers they never learn they never learn beyond the point of no return of no return then its too late the damage is done the damage is done  this goes beyond me beyond you a white room by a window where the sun comes through we are just happy to serve just happy to serve you  efil ym fo flah efil ym fo flah efil ym fo flah efil ym fo flah efil ym fo flah efil ym fo flah efil ym fo flah efil ym fo flah efil ym fo flah efil ym fo flah efil ym fo flah efil ym fo flah efil ym fo flah efil ym fo flah efil ym fo flah efil ym fo flah,90.0,3.0,0.03333333333333333,0.2341079705960389
Radiohead,A Moon Shaped Pool,Decks Dark,3,281011,2016,0.271,0.501,0.557,0.666,0.837,0.0269,0.117,139.149,2,0,4,then into your life there comes a darkness theres a spacecraft blocking out the sky and theres nowhere to hide you run to the back and you cover your ears but its the loudest sound youve ever heard and all we trapped rag doll cloth people we are helpless to resist into our darkest hour  but it was just a laugh just a laugh just a laugh just a laugh even at this angle and so we crumble a ten ton head made of wet sand oh this dread circumference youve gotta be kidding me the grass grows over me your face in the glass in the glass it was just a laugh just a laugh its whatever you say it is in split infinity  then into your life there comes a darkness and a spacecraft blocking out the sky and theres nowhere to hide you run to the back and you cover your ears but its the loudest sound youve ever heard into your darkest hour  when youve had enough of me when youve had enough of me sweet darling when youve had enough of me when youve had enough of me sweet darling sweet times sweet darling sweet times,97.0,3.0,0.030927835051546393,0.34518221706623586
Radiohead,A Moon Shaped Pool,Desert Island Disk,4,224698,2016,0.158,0.282,0.56,0.868,0.529,0.0287,0.11,112.009,0,1,1,now as i go upon my way so let me go upon my way born of a light born of a light the wind rushing round my open heart an open ravine with my spirit wide totally alive and my spirit light through an open doorway across a street to another life and catching my reflection in a window switching on a light one i didnt know totally alive totally released  waking waking up from shutdown from a thousand years of sleep yeah you you know what i mean you know what i mean you know what i mean standing on the edge of you you know what i mean you know what i mean you know what i mean  different types of love different types of love different types of love are possible are possible are possible are possible,76.0,0.0,0.0,0.33823175996226046
Radiohead,A Moon Shaped Pool,Ful Stop,5,367348,2016,0.178,0.662,0.425,0.352,0.941,0.0502,0.619,151.182,0,1,3,you really messed up everything you really messed up everything if you could take it all back again strike up the tinderbox why should i be good if youre not this is a foul tasting medicine a foul tasting medicine to be trapped in your full stop  truth will mess you up truth will mess you up truth will mess you up truth will mess you up truth will mess you up truth will mess you up truth will mess you up truth will mess you up truth will mess you up all the good times truth will mess you up truth will mess you up all the good times truth will mess you up truth will mess you up all the good times truth will mess you up truth will mess you up all the good times truth will mess you up truth will mess you up all the good times truth will mess you up truth will mess you up all the good times truth will mess you up truth will mess you up all the good times truth will mess you up truth will mess you up all the good times when you take me back take me back again will you take me back take me back again  you really messed up you really messed up you really messed up you really messed up this time you really messed up you really messed up you really messed up you really messed up this time you really messed up you really messed up you really messed up you really messed up this time,119.0,0.0,0.0,0.32394350860764176
Radiohead,A Moon Shaped Pool,Glass Eyes,6,172935,2016,0.0632,0.11,0.237,0.955,0.557,0.0358,0.138,114.436,8,1,4,hey its me i just got off the train a frightening place the faces are concrete grey and im wondering should i turn around buy another ticket the panic is coming on strong so cold from the inside out no great drama message coming in in the ohsosmug glassy eyed light of day glassy eyed light of day  where the path trails off and heads down the mountain through the dry bush i dont know where it leads and i dont really care where the path trails off and heads down the mountain through the dry bush i dont know where it leads and i dont really care  i feel this love to the core i feel this love turn cold,64.0,0.0,0.0,0.3700812443981843
Radiohead,A Moon Shaped Pool,Identikit,7,266643,2016,0.35,0.459,0.692,0.0632,0.512,0.0403,0.136,150.695,11,0,4,a moon shaped pool dancing clothes wont let me in and now i know its never gonna be oh me a moon shaped pool dancing clothes wont let me in and now i know its never gonna be oh me a moon shaped pool dancing clothes wont let me in and now i know its never gonna be oh me  the sweetfaced ones with nothing left inside that we all can love that we all can love that we all the sweetfaced ones with nothing left inside that we all can love that we all can love that we all  but now i see you messing me around i dont want to know i dont want to know i dont want when i see you messing me around i dont want to know i dont want to know i dont want to know  broken hearts make it rain broken hearts make it rain broken hearts make it rain broken hearts make it rain broken hearts make it rain broken hearts make it rain broken hearts make it rain broken hearts make it rain broken hearts make it rain broken hearts broken hearts make it rain broken hearts make it rain broken hearts make it rain broken hearts make it rain broken hearts make it rain broken hearts make it rain broken hearts make it rain broken hearts make it rain  the pieces of a ragdoll mankind that we can create that we can create that we can the pieces of a ragdoll mankind that we can create that we can create  but when i see you messing me around i dont want to know i dont want to know i dont want when i see you messing me around i dont want to know i dont want to know i dont want to know,176.0,18.0,0.10227272727272728,0.6600585801989927
Radiohead,A Moon Shaped Pool,The Numbers,8,345886,2016,0.0551,0.372,0.282,0.651,0.409,0.0315,0.0755,105.271,5,1,3,it holds us like a phantom it touches  like a breeze it shines its understanding see the moon is smiling open on all channels ready to receive cause were not at the mercy of your chimeras and spells your chimeras and spells mmhmm we are of the earth to her we do return the future is inside us its not somewhere else its not somewhere else its not somewhere else  one day at a time one day at a time  we call upon the people the people have this power the numbers dont decide the system is a lie a river running dry the wings of butterflies and you may pour us away like soup like were pretty broken flowers well take back what is ours take back what is ours  one day at a time,73.0,2.0,0.0273972602739726,0.21105219638840544
Radiohead,A Moon Shaped Pool,Present Tense,9,306581,2016,0.336,0.407,0.462,0.912,0.399,0.0345,0.11,91.915,1,0,4,this dance this dance is like a weapon is like a weapon of selfdefence of selfdefence against the present against the present the present tense no i wont get heavy dont get heavy keep it light and keep it moving i am doing no harm as my world comes crashing down ill be dancing freaking out deaf dumb and blind  in you im lost in you im lost  i wont turn around or the penny drops wont stop now wont slack off or all this love will be in vain to stop from falling down a mine its no ones business but mine where all this love has been in vain  in you im lost in you im lost in you im lost in you im lost,63.0,8.0,0.12698412698412698,0.20549218640424555
Radiohead,A Moon Shaped Pool,Tinker Tailor Soldier Sailor Rich Man Poor Man Beggar Man Thief,10,303688,2016,0.0508,0.436,0.355,0.73,0.798,0.0302,0.106,90.388,11,1,4,all the holes at once are comin alive set free out of sight and out of mind the lonely and their prey  the ones you light your fires to keep away is crawling out upon its belly and all you have to do is say yes  all the birds stay up in the trees all the fish swim down to the deep the lonely and their prey i am here come to me before its too late  the one you light your fires to keep away is crawling out upon its belly and all you have to do is say yes,39.0,3.0,0.07692307692307693,0.1284212744658992
Radiohead,A Moon Shaped Pool,True Love Waits,11,283463,2016,0.0381,0.132,0.401,0.938,0.102,0.0355,0.1,136.142,0,1,4,ill drown my beliefs to have your babies ill dress like your niece and wash your swollen feet  just dont leave dont leave  im not living im just killing time your tiny hands your crazy kitten smile  just dont leave dont leave  and true love waits in haunted attics and true love lives on lollipops and crisps  just dont leave dont leave,43.0,12.0,0.27906976744186046,0.1516952829822587
